"","x"
"1",2020-01-01 05:00:00
"2",2020-01-01 13:47:33
"3",2020-01-01 22:35:07
"4",2020-01-02 07:22:41
"5",2020-01-02 16:10:14
"6",2020-01-03 00:57:48
"7",2020-01-03 09:45:22
"8",2020-01-03 18:32:55
"9",2020-01-04 03:20:29
"10",2020-01-04 12:08:03
"11",2020-01-04 20:55:36
"12",2020-01-05 05:43:10
"13",2020-01-05 14:30:44
"14",2020-01-05 23:18:18
"15",2020-01-06 08:05:51
"16",2020-01-06 16:53:25
"17",2020-01-07 01:40:59
"18",2020-01-07 10:28:32
"19",2020-01-07 19:16:06
"20",2020-01-08 04:03:40
"21",2020-01-08 12:51:13
"22",2020-01-08 21:38:47
"23",2020-01-09 06:26:21
"24",2020-01-09 15:13:54
"25",2020-01-10 00:01:28
"26",2020-01-10 08:49:02
"27",2020-01-10 17:36:36
"28",2020-01-11 02:24:09
"29",2020-01-11 11:11:43
"30",2020-01-11 19:59:17
"31",2020-01-12 04:46:50
"32",2020-01-12 13:34:24
"33",2020-01-12 22:21:58
"34",2020-01-13 07:09:31
"35",2020-01-13 15:57:05
"36",2020-01-14 00:44:39
"37",2020-01-14 09:32:12
"38",2020-01-14 18:19:46
"39",2020-01-15 03:07:20
"40",2020-01-15 11:54:54
"41",2020-01-15 20:42:27
"42",2020-01-16 05:30:01
"43",2020-01-16 14:17:35
"44",2020-01-16 23:05:08
"45",2020-01-17 07:52:42
"46",2020-01-17 16:40:16
"47",2020-01-18 01:27:49
"48",2020-01-18 10:15:23
"49",2020-01-18 19:02:57
"50",2020-01-19 03:50:30
"51",2020-01-19 12:38:04
"52",2020-01-19 21:25:38
"53",2020-01-20 06:13:12
"54",2020-01-20 15:00:45
"55",2020-01-20 23:48:19
"56",2020-01-21 08:35:53
"57",2020-01-21 17:23:26
"58",2020-01-22 02:11:00
"59",2020-01-22 10:58:34
"60",2020-01-22 19:46:07
"61",2020-01-23 04:33:41
"62",2020-01-23 13:21:15
"63",2020-01-23 22:08:49
"64",2020-01-24 06:56:22
"65",2020-01-24 15:43:56
"66",2020-01-25 00:31:30
"67",2020-01-25 09:19:03
"68",2020-01-25 18:06:37
"69",2020-01-26 02:54:11
"70",2020-01-26 11:41:44
"71",2020-01-26 20:29:18
"72",2020-01-27 05:16:52
"73",2020-01-27 14:04:25
"74",2020-01-27 22:51:59
"75",2020-01-28 07:39:33
"76",2020-01-28 16:27:07
"77",2020-01-29 01:14:40
"78",2020-01-29 10:02:14
"79",2020-01-29 18:49:48
"80",2020-01-30 03:37:21
"81",2020-01-30 12:24:55
"82",2020-01-30 21:12:29
"83",2020-01-31 06:00:02
"84",2020-01-31 14:47:36
"85",2020-01-31 23:35:10
"86",2020-02-01 08:22:43
"87",2020-02-01 17:10:17
"88",2020-02-02 01:57:51
"89",2020-02-02 10:45:25
"90",2020-02-02 19:32:58
"91",2020-02-03 04:20:32
"92",2020-02-03 13:08:06
"93",2020-02-03 21:55:39
"94",2020-02-04 06:43:13
"95",2020-02-04 15:30:47
"96",2020-02-05 00:18:20
"97",2020-02-05 09:05:54
"98",2020-02-05 17:53:28
"99",2020-02-06 02:41:01
"100",2020-02-06 11:28:35
"101",2020-02-06 20:16:09
"102",2020-02-07 05:03:43
"103",2020-02-07 13:51:16
"104",2020-02-07 22:38:50
"105",2020-02-08 07:26:24
"106",2020-02-08 16:13:57
"107",2020-02-09 01:01:31
"108",2020-02-09 09:49:05
"109",2020-02-09 18:36:38
"110",2020-02-10 03:24:12
"111",2020-02-10 12:11:46
"112",2020-02-10 20:59:20
"113",2020-02-11 05:46:53
"114",2020-02-11 14:34:27
"115",2020-02-11 23:22:01
"116",2020-02-12 08:09:34
"117",2020-02-12 16:57:08
"118",2020-02-13 01:44:42
"119",2020-02-13 10:32:15
"120",2020-02-13 19:19:49
"121",2020-02-14 04:07:23
"122",2020-02-14 12:54:56
"123",2020-02-14 21:42:30
"124",2020-02-15 06:30:04
"125",2020-02-15 15:17:38
"126",2020-02-16 00:05:11
"127",2020-02-16 08:52:45
"128",2020-02-16 17:40:19
"129",2020-02-17 02:27:52
"130",2020-02-17 11:15:26
"131",2020-02-17 20:03:00
"132",2020-02-18 04:50:33
"133",2020-02-18 13:38:07
"134",2020-02-18 22:25:41
"135",2020-02-19 07:13:14
"136",2020-02-19 16:00:48
"137",2020-02-20 00:48:22
"138",2020-02-20 09:35:56
"139",2020-02-20 18:23:29
"140",2020-02-21 03:11:03
"141",2020-02-21 11:58:37
"142",2020-02-21 20:46:10
"143",2020-02-22 05:33:44
"144",2020-02-22 14:21:18
"145",2020-02-22 23:08:51
"146",2020-02-23 07:56:25
"147",2020-02-23 16:43:59
"148",2020-02-24 01:31:32
"149",2020-02-24 10:19:06
"150",2020-02-24 19:06:40
"151",2020-02-25 03:54:14
"152",2020-02-25 12:41:47
"153",2020-02-25 21:29:21
"154",2020-02-26 06:16:55
"155",2020-02-26 15:04:28
"156",2020-02-26 23:52:02
"157",2020-02-27 08:39:36
"158",2020-02-27 17:27:09
"159",2020-02-28 02:14:43
"160",2020-02-28 11:02:17
"161",2020-02-28 19:49:50
"162",2020-02-29 04:37:24
"163",2020-02-29 13:24:58
"164",2020-02-29 22:12:32
"165",2020-03-01 07:00:05
"166",2020-03-01 15:47:39
"167",2020-03-02 00:35:13
"168",2020-03-02 09:22:46
"169",2020-03-02 18:10:20
"170",2020-03-03 02:57:54
"171",2020-03-03 11:45:27
"172",2020-03-03 20:33:01
"173",2020-03-04 05:20:35
"174",2020-03-04 14:08:09
"175",2020-03-04 22:55:42
"176",2020-03-05 07:43:16
"177",2020-03-05 16:30:50
"178",2020-03-06 01:18:23
"179",2020-03-06 10:05:57
"180",2020-03-06 18:53:31
"181",2020-03-07 03:41:04
"182",2020-03-07 12:28:38
"183",2020-03-07 21:16:12
"184",2020-03-08 06:03:45
"185",2020-03-08 14:51:19
"186",2020-03-08 23:38:53
"187",2020-03-09 08:26:27
"188",2020-03-09 17:14:00
"189",2020-03-10 02:01:34
"190",2020-03-10 10:49:08
"191",2020-03-10 19:36:41
"192",2020-03-11 04:24:15
"193",2020-03-11 13:11:49
"194",2020-03-11 21:59:22
"195",2020-03-12 06:46:56
"196",2020-03-12 15:34:30
"197",2020-03-13 00:22:03
"198",2020-03-13 09:09:37
"199",2020-03-13 17:57:11
"200",2020-03-14 02:44:45
"201",2020-03-14 11:32:18
"202",2020-03-14 20:19:52
"203",2020-03-15 05:07:26
"204",2020-03-15 13:54:59
"205",2020-03-15 22:42:33
"206",2020-03-16 07:30:07
"207",2020-03-16 16:17:40
"208",2020-03-17 01:05:14
"209",2020-03-17 09:52:48
"210",2020-03-17 18:40:21
"211",2020-03-18 03:27:55
"212",2020-03-18 12:15:29
"213",2020-03-18 21:03:03
"214",2020-03-19 05:50:36
"215",2020-03-19 14:38:10
"216",2020-03-19 23:25:44
"217",2020-03-20 08:13:17
"218",2020-03-20 17:00:51
"219",2020-03-21 01:48:25
"220",2020-03-21 10:35:58
"221",2020-03-21 19:23:32
"222",2020-03-22 04:11:06
"223",2020-03-22 12:58:40
"224",2020-03-22 21:46:13
"225",2020-03-23 06:33:47
"226",2020-03-23 15:21:21
"227",2020-03-24 00:08:54
"228",2020-03-24 08:56:28
"229",2020-03-24 17:44:02
"230",2020-03-25 02:31:35
"231",2020-03-25 11:19:09
"232",2020-03-25 20:06:43
"233",2020-03-26 04:54:16
"234",2020-03-26 13:41:50
"235",2020-03-26 22:29:24
"236",2020-03-27 07:16:58
"237",2020-03-27 16:04:31
"238",2020-03-28 00:52:05
"239",2020-03-28 09:39:39
"240",2020-03-28 18:27:12
"241",2020-03-29 03:14:46
"242",2020-03-29 12:02:20
"243",2020-03-29 20:49:53
"244",2020-03-30 05:37:27
"245",2020-03-30 14:25:01
"246",2020-03-30 23:12:34
"247",2020-03-31 08:00:08
"248",2020-03-31 16:47:42
"249",2020-04-01 01:35:16
"250",2020-04-01 10:22:49
"251",2020-04-01 19:10:23
"252",2020-04-02 03:57:57
"253",2020-04-02 12:45:30
"254",2020-04-02 21:33:04
"255",2020-04-03 06:20:38
"256",2020-04-03 15:08:11
"257",2020-04-03 23:55:45
"258",2020-04-04 08:43:19
"259",2020-04-04 17:30:52
"260",2020-04-05 02:18:26
"261",2020-04-05 11:06:00
"262",2020-04-05 19:53:34
"263",2020-04-06 04:41:07
"264",2020-04-06 13:28:41
"265",2020-04-06 22:16:15
"266",2020-04-07 07:03:48
"267",2020-04-07 15:51:22
"268",2020-04-08 00:38:56
"269",2020-04-08 09:26:29
"270",2020-04-08 18:14:03
"271",2020-04-09 03:01:37
"272",2020-04-09 11:49:10
"273",2020-04-09 20:36:44
"274",2020-04-10 05:24:18
"275",2020-04-10 14:11:52
"276",2020-04-10 22:59:25
"277",2020-04-11 07:46:59
"278",2020-04-11 16:34:33
"279",2020-04-12 01:22:06
"280",2020-04-12 10:09:40
"281",2020-04-12 18:57:14
"282",2020-04-13 03:44:47
"283",2020-04-13 12:32:21
"284",2020-04-13 21:19:55
"285",2020-04-14 06:07:29
"286",2020-04-14 14:55:02
"287",2020-04-14 23:42:36
"288",2020-04-15 08:30:10
"289",2020-04-15 17:17:43
"290",2020-04-16 02:05:17
"291",2020-04-16 10:52:51
"292",2020-04-16 19:40:24
"293",2020-04-17 04:27:58
"294",2020-04-17 13:15:32
"295",2020-04-17 22:03:05
"296",2020-04-18 06:50:39
"297",2020-04-18 15:38:13
"298",2020-04-19 00:25:47
"299",2020-04-19 09:13:20
"300",2020-04-19 18:00:54
"301",2020-04-20 02:48:28
"302",2020-04-20 11:36:01
"303",2020-04-20 20:23:35
"304",2020-04-21 05:11:09
"305",2020-04-21 13:58:42
"306",2020-04-21 22:46:16
"307",2020-04-22 07:33:50
"308",2020-04-22 16:21:23
"309",2020-04-23 01:08:57
"310",2020-04-23 09:56:31
"311",2020-04-23 18:44:05
"312",2020-04-24 03:31:38
"313",2020-04-24 12:19:12
"314",2020-04-24 21:06:46
"315",2020-04-25 05:54:19
"316",2020-04-25 14:41:53
"317",2020-04-25 23:29:27
"318",2020-04-26 08:17:00
"319",2020-04-26 17:04:34
"320",2020-04-27 01:52:08
"321",2020-04-27 10:39:41
"322",2020-04-27 19:27:15
"323",2020-04-28 04:14:49
"324",2020-04-28 13:02:23
"325",2020-04-28 21:49:56
"326",2020-04-29 06:37:30
"327",2020-04-29 15:25:04
"328",2020-04-30 00:12:37
"329",2020-04-30 09:00:11
"330",2020-04-30 17:47:45
"331",2020-05-01 02:35:18
"332",2020-05-01 11:22:52
"333",2020-05-01 20:10:26
"334",2020-05-02 04:58:00
"335",2020-05-02 13:45:33
"336",2020-05-02 22:33:07
"337",2020-05-03 07:20:41
"338",2020-05-03 16:08:14
"339",2020-05-04 00:55:48
"340",2020-05-04 09:43:22
"341",2020-05-04 18:30:55
"342",2020-05-05 03:18:29
"343",2020-05-05 12:06:03
"344",2020-05-05 20:53:36
"345",2020-05-06 05:41:10
"346",2020-05-06 14:28:44
"347",2020-05-06 23:16:18
"348",2020-05-07 08:03:51
"349",2020-05-07 16:51:25
"350",2020-05-08 01:38:59
"351",2020-05-08 10:26:32
"352",2020-05-08 19:14:06
"353",2020-05-09 04:01:40
"354",2020-05-09 12:49:13
"355",2020-05-09 21:36:47
"356",2020-05-10 06:24:21
"357",2020-05-10 15:11:54
"358",2020-05-10 23:59:28
"359",2020-05-11 08:47:02
"360",2020-05-11 17:34:36
"361",2020-05-12 02:22:09
"362",2020-05-12 11:09:43
"363",2020-05-12 19:57:17
"364",2020-05-13 04:44:50
"365",2020-05-13 13:32:24
"366",2020-05-13 22:19:58
"367",2020-05-14 07:07:31
"368",2020-05-14 15:55:05
"369",2020-05-15 00:42:39
"370",2020-05-15 09:30:12
"371",2020-05-15 18:17:46
"372",2020-05-16 03:05:20
"373",2020-05-16 11:52:54
"374",2020-05-16 20:40:27
"375",2020-05-17 05:28:01
"376",2020-05-17 14:15:35
"377",2020-05-17 23:03:08
"378",2020-05-18 07:50:42
"379",2020-05-18 16:38:16
"380",2020-05-19 01:25:49
"381",2020-05-19 10:13:23
"382",2020-05-19 19:00:57
"383",2020-05-20 03:48:30
"384",2020-05-20 12:36:04
"385",2020-05-20 21:23:38
"386",2020-05-21 06:11:12
"387",2020-05-21 14:58:45
"388",2020-05-21 23:46:19
"389",2020-05-22 08:33:53
"390",2020-05-22 17:21:26
"391",2020-05-23 02:09:00
"392",2020-05-23 10:56:34
"393",2020-05-23 19:44:07
"394",2020-05-24 04:31:41
"395",2020-05-24 13:19:15
"396",2020-05-24 22:06:49
"397",2020-05-25 06:54:22
"398",2020-05-25 15:41:56
"399",2020-05-26 00:29:30
"400",2020-05-26 09:17:03
"401",2020-05-26 18:04:37
"402",2020-05-27 02:52:11
"403",2020-05-27 11:39:44
"404",2020-05-27 20:27:18
"405",2020-05-28 05:14:52
"406",2020-05-28 14:02:25
"407",2020-05-28 22:49:59
"408",2020-05-29 07:37:33
"409",2020-05-29 16:25:07
"410",2020-05-30 01:12:40
"411",2020-05-30 10:00:14
"412",2020-05-30 18:47:48
"413",2020-05-31 03:35:21
"414",2020-05-31 12:22:55
"415",2020-05-31 21:10:29
"416",2020-06-01 05:58:02
"417",2020-06-01 14:45:36
"418",2020-06-01 23:33:10
"419",2020-06-02 08:20:43
"420",2020-06-02 17:08:17
"421",2020-06-03 01:55:51
"422",2020-06-03 10:43:25
"423",2020-06-03 19:30:58
"424",2020-06-04 04:18:32
"425",2020-06-04 13:06:06
"426",2020-06-04 21:53:39
"427",2020-06-05 06:41:13
"428",2020-06-05 15:28:47
"429",2020-06-06 00:16:20
"430",2020-06-06 09:03:54
"431",2020-06-06 17:51:28
"432",2020-06-07 02:39:01
"433",2020-06-07 11:26:35
"434",2020-06-07 20:14:09
"435",2020-06-08 05:01:43
"436",2020-06-08 13:49:16
"437",2020-06-08 22:36:50
"438",2020-06-09 07:24:24
"439",2020-06-09 16:11:57
"440",2020-06-10 00:59:31
"441",2020-06-10 09:47:05
"442",2020-06-10 18:34:38
"443",2020-06-11 03:22:12
"444",2020-06-11 12:09:46
"445",2020-06-11 20:57:20
"446",2020-06-12 05:44:53
"447",2020-06-12 14:32:27
"448",2020-06-12 23:20:01
"449",2020-06-13 08:07:34
"450",2020-06-13 16:55:08
"451",2020-06-14 01:42:42
"452",2020-06-14 10:30:15
"453",2020-06-14 19:17:49
"454",2020-06-15 04:05:23
"455",2020-06-15 12:52:56
"456",2020-06-15 21:40:30
"457",2020-06-16 06:28:04
"458",2020-06-16 15:15:38
"459",2020-06-17 00:03:11
"460",2020-06-17 08:50:45
"461",2020-06-17 17:38:19
"462",2020-06-18 02:25:52
"463",2020-06-18 11:13:26
"464",2020-06-18 20:01:00
"465",2020-06-19 04:48:33
"466",2020-06-19 13:36:07
"467",2020-06-19 22:23:41
"468",2020-06-20 07:11:14
"469",2020-06-20 15:58:48
"470",2020-06-21 00:46:22
"471",2020-06-21 09:33:56
"472",2020-06-21 18:21:29
"473",2020-06-22 03:09:03
"474",2020-06-22 11:56:37
"475",2020-06-22 20:44:10
"476",2020-06-23 05:31:44
"477",2020-06-23 14:19:18
"478",2020-06-23 23:06:51
"479",2020-06-24 07:54:25
"480",2020-06-24 16:41:59
"481",2020-06-25 01:29:32
"482",2020-06-25 10:17:06
"483",2020-06-25 19:04:40
"484",2020-06-26 03:52:14
"485",2020-06-26 12:39:47
"486",2020-06-26 21:27:21
"487",2020-06-27 06:14:55
"488",2020-06-27 15:02:28
"489",2020-06-27 23:50:02
"490",2020-06-28 08:37:36
"491",2020-06-28 17:25:09
"492",2020-06-29 02:12:43
"493",2020-06-29 11:00:17
"494",2020-06-29 19:47:50
"495",2020-06-30 04:35:24
"496",2020-06-30 13:22:58
"497",2020-06-30 22:10:32
"498",2020-07-01 06:58:05
"499",2020-07-01 15:45:39
"500",2020-07-02 00:33:13
"501",2020-07-02 09:20:46
"502",2020-07-02 18:08:20
"503",2020-07-03 02:55:54
"504",2020-07-03 11:43:27
"505",2020-07-03 20:31:01
"506",2020-07-04 05:18:35
"507",2020-07-04 14:06:09
"508",2020-07-04 22:53:42
"509",2020-07-05 07:41:16
"510",2020-07-05 16:28:50
"511",2020-07-06 01:16:23
"512",2020-07-06 10:03:57
"513",2020-07-06 18:51:31
"514",2020-07-07 03:39:04
"515",2020-07-07 12:26:38
"516",2020-07-07 21:14:12
"517",2020-07-08 06:01:45
"518",2020-07-08 14:49:19
"519",2020-07-08 23:36:53
"520",2020-07-09 08:24:27
"521",2020-07-09 17:12:00
"522",2020-07-10 01:59:34
"523",2020-07-10 10:47:08
"524",2020-07-10 19:34:41
"525",2020-07-11 04:22:15
"526",2020-07-11 13:09:49
"527",2020-07-11 21:57:22
"528",2020-07-12 06:44:56
"529",2020-07-12 15:32:30
"530",2020-07-13 00:20:03
"531",2020-07-13 09:07:37
"532",2020-07-13 17:55:11
"533",2020-07-14 02:42:45
"534",2020-07-14 11:30:18
"535",2020-07-14 20:17:52
"536",2020-07-15 05:05:26
"537",2020-07-15 13:52:59
"538",2020-07-15 22:40:33
"539",2020-07-16 07:28:07
"540",2020-07-16 16:15:40
"541",2020-07-17 01:03:14
"542",2020-07-17 09:50:48
"543",2020-07-17 18:38:21
"544",2020-07-18 03:25:55
"545",2020-07-18 12:13:29
"546",2020-07-18 21:01:03
"547",2020-07-19 05:48:36
"548",2020-07-19 14:36:10
"549",2020-07-19 23:23:44
"550",2020-07-20 08:11:17
"551",2020-07-20 16:58:51
"552",2020-07-21 01:46:25
"553",2020-07-21 10:33:58
"554",2020-07-21 19:21:32
"555",2020-07-22 04:09:06
"556",2020-07-22 12:56:40
"557",2020-07-22 21:44:13
"558",2020-07-23 06:31:47
"559",2020-07-23 15:19:21
"560",2020-07-24 00:06:54
"561",2020-07-24 08:54:28
"562",2020-07-24 17:42:02
"563",2020-07-25 02:29:35
"564",2020-07-25 11:17:09
"565",2020-07-25 20:04:43
"566",2020-07-26 04:52:16
"567",2020-07-26 13:39:50
"568",2020-07-26 22:27:24
"569",2020-07-27 07:14:58
"570",2020-07-27 16:02:31
"571",2020-07-28 00:50:05
"572",2020-07-28 09:37:39
"573",2020-07-28 18:25:12
"574",2020-07-29 03:12:46
"575",2020-07-29 12:00:20
"576",2020-07-29 20:47:53
"577",2020-07-30 05:35:27
"578",2020-07-30 14:23:01
"579",2020-07-30 23:10:34
"580",2020-07-31 07:58:08
"581",2020-07-31 16:45:42
"582",2020-08-01 01:33:16
"583",2020-08-01 10:20:49
"584",2020-08-01 19:08:23
"585",2020-08-02 03:55:57
"586",2020-08-02 12:43:30
"587",2020-08-02 21:31:04
"588",2020-08-03 06:18:38
"589",2020-08-03 15:06:11
"590",2020-08-03 23:53:45
"591",2020-08-04 08:41:19
"592",2020-08-04 17:28:52
"593",2020-08-05 02:16:26
"594",2020-08-05 11:04:00
"595",2020-08-05 19:51:34
"596",2020-08-06 04:39:07
"597",2020-08-06 13:26:41
"598",2020-08-06 22:14:15
"599",2020-08-07 07:01:48
"600",2020-08-07 15:49:22
"601",2020-08-08 00:36:56
"602",2020-08-08 09:24:29
"603",2020-08-08 18:12:03
"604",2020-08-09 02:59:37
"605",2020-08-09 11:47:10
"606",2020-08-09 20:34:44
"607",2020-08-10 05:22:18
"608",2020-08-10 14:09:52
"609",2020-08-10 22:57:25
"610",2020-08-11 07:44:59
"611",2020-08-11 16:32:33
"612",2020-08-12 01:20:06
"613",2020-08-12 10:07:40
"614",2020-08-12 18:55:14
"615",2020-08-13 03:42:47
"616",2020-08-13 12:30:21
"617",2020-08-13 21:17:55
"618",2020-08-14 06:05:29
"619",2020-08-14 14:53:02
"620",2020-08-14 23:40:36
"621",2020-08-15 08:28:10
"622",2020-08-15 17:15:43
"623",2020-08-16 02:03:17
"624",2020-08-16 10:50:51
"625",2020-08-16 19:38:24
"626",2020-08-17 04:25:58
"627",2020-08-17 13:13:32
"628",2020-08-17 22:01:05
"629",2020-08-18 06:48:39
"630",2020-08-18 15:36:13
"631",2020-08-19 00:23:47
"632",2020-08-19 09:11:20
"633",2020-08-19 17:58:54
"634",2020-08-20 02:46:28
"635",2020-08-20 11:34:01
"636",2020-08-20 20:21:35
"637",2020-08-21 05:09:09
"638",2020-08-21 13:56:42
"639",2020-08-21 22:44:16
"640",2020-08-22 07:31:50
"641",2020-08-22 16:19:23
"642",2020-08-23 01:06:57
"643",2020-08-23 09:54:31
"644",2020-08-23 18:42:05
"645",2020-08-24 03:29:38
"646",2020-08-24 12:17:12
"647",2020-08-24 21:04:46
"648",2020-08-25 05:52:19
"649",2020-08-25 14:39:53
"650",2020-08-25 23:27:27
"651",2020-08-26 08:15:00
"652",2020-08-26 17:02:34
"653",2020-08-27 01:50:08
"654",2020-08-27 10:37:41
"655",2020-08-27 19:25:15
"656",2020-08-28 04:12:49
"657",2020-08-28 13:00:23
"658",2020-08-28 21:47:56
"659",2020-08-29 06:35:30
"660",2020-08-29 15:23:04
"661",2020-08-30 00:10:37
"662",2020-08-30 08:58:11
"663",2020-08-30 17:45:45
"664",2020-08-31 02:33:18
"665",2020-08-31 11:20:52
"666",2020-08-31 20:08:26
"667",2020-09-01 04:56:00
"668",2020-09-01 13:43:33
"669",2020-09-01 22:31:07
"670",2020-09-02 07:18:41
"671",2020-09-02 16:06:14
"672",2020-09-03 00:53:48
"673",2020-09-03 09:41:22
"674",2020-09-03 18:28:55
"675",2020-09-04 03:16:29
"676",2020-09-04 12:04:03
"677",2020-09-04 20:51:36
"678",2020-09-05 05:39:10
"679",2020-09-05 14:26:44
"680",2020-09-05 23:14:18
"681",2020-09-06 08:01:51
"682",2020-09-06 16:49:25
"683",2020-09-07 01:36:59
"684",2020-09-07 10:24:32
"685",2020-09-07 19:12:06
"686",2020-09-08 03:59:40
"687",2020-09-08 12:47:13
"688",2020-09-08 21:34:47
"689",2020-09-09 06:22:21
"690",2020-09-09 15:09:54
"691",2020-09-09 23:57:28
"692",2020-09-10 08:45:02
"693",2020-09-10 17:32:36
"694",2020-09-11 02:20:09
"695",2020-09-11 11:07:43
"696",2020-09-11 19:55:17
"697",2020-09-12 04:42:50
"698",2020-09-12 13:30:24
"699",2020-09-12 22:17:58
"700",2020-09-13 07:05:31
"701",2020-09-13 15:53:05
"702",2020-09-14 00:40:39
"703",2020-09-14 09:28:12
"704",2020-09-14 18:15:46
"705",2020-09-15 03:03:20
"706",2020-09-15 11:50:54
"707",2020-09-15 20:38:27
"708",2020-09-16 05:26:01
"709",2020-09-16 14:13:35
"710",2020-09-16 23:01:08
"711",2020-09-17 07:48:42
"712",2020-09-17 16:36:16
"713",2020-09-18 01:23:49
"714",2020-09-18 10:11:23
"715",2020-09-18 18:58:57
"716",2020-09-19 03:46:30
"717",2020-09-19 12:34:04
"718",2020-09-19 21:21:38
"719",2020-09-20 06:09:12
"720",2020-09-20 14:56:45
"721",2020-09-20 23:44:19
"722",2020-09-21 08:31:53
"723",2020-09-21 17:19:26
"724",2020-09-22 02:07:00
"725",2020-09-22 10:54:34
"726",2020-09-22 19:42:07
"727",2020-09-23 04:29:41
"728",2020-09-23 13:17:15
"729",2020-09-23 22:04:49
"730",2020-09-24 06:52:22
"731",2020-09-24 15:39:56
"732",2020-09-25 00:27:30
"733",2020-09-25 09:15:03
"734",2020-09-25 18:02:37
"735",2020-09-26 02:50:11
"736",2020-09-26 11:37:44
"737",2020-09-26 20:25:18
"738",2020-09-27 05:12:52
"739",2020-09-27 14:00:25
"740",2020-09-27 22:47:59
"741",2020-09-28 07:35:33
"742",2020-09-28 16:23:07
"743",2020-09-29 01:10:40
"744",2020-09-29 09:58:14
"745",2020-09-29 18:45:48
"746",2020-09-30 03:33:21
"747",2020-09-30 12:20:55
"748",2020-09-30 21:08:29
"749",2020-10-01 05:56:02
"750",2020-10-01 14:43:36
"751",2020-10-01 23:31:10
"752",2020-10-02 08:18:43
"753",2020-10-02 17:06:17
"754",2020-10-03 01:53:51
"755",2020-10-03 10:41:25
"756",2020-10-03 19:28:58
"757",2020-10-04 04:16:32
"758",2020-10-04 13:04:06
"759",2020-10-04 21:51:39
"760",2020-10-05 06:39:13
"761",2020-10-05 15:26:47
"762",2020-10-06 00:14:20
"763",2020-10-06 09:01:54
"764",2020-10-06 17:49:28
"765",2020-10-07 02:37:01
"766",2020-10-07 11:24:35
"767",2020-10-07 20:12:09
"768",2020-10-08 04:59:43
"769",2020-10-08 13:47:16
"770",2020-10-08 22:34:50
"771",2020-10-09 07:22:24
"772",2020-10-09 16:09:57
"773",2020-10-10 00:57:31
"774",2020-10-10 09:45:05
"775",2020-10-10 18:32:38
"776",2020-10-11 03:20:12
"777",2020-10-11 12:07:46
"778",2020-10-11 20:55:20
"779",2020-10-12 05:42:53
"780",2020-10-12 14:30:27
"781",2020-10-12 23:18:01
"782",2020-10-13 08:05:34
"783",2020-10-13 16:53:08
"784",2020-10-14 01:40:42
"785",2020-10-14 10:28:15
"786",2020-10-14 19:15:49
"787",2020-10-15 04:03:23
"788",2020-10-15 12:50:56
"789",2020-10-15 21:38:30
"790",2020-10-16 06:26:04
"791",2020-10-16 15:13:38
"792",2020-10-17 00:01:11
"793",2020-10-17 08:48:45
"794",2020-10-17 17:36:19
"795",2020-10-18 02:23:52
"796",2020-10-18 11:11:26
"797",2020-10-18 19:59:00
"798",2020-10-19 04:46:33
"799",2020-10-19 13:34:07
"800",2020-10-19 22:21:41
"801",2020-10-20 07:09:14
"802",2020-10-20 15:56:48
"803",2020-10-21 00:44:22
"804",2020-10-21 09:31:56
"805",2020-10-21 18:19:29
"806",2020-10-22 03:07:03
"807",2020-10-22 11:54:37
"808",2020-10-22 20:42:10
"809",2020-10-23 05:29:44
"810",2020-10-23 14:17:18
"811",2020-10-23 23:04:51
"812",2020-10-24 07:52:25
"813",2020-10-24 16:39:59
"814",2020-10-25 01:27:32
"815",2020-10-25 10:15:06
"816",2020-10-25 19:02:40
"817",2020-10-26 03:50:14
"818",2020-10-26 12:37:47
"819",2020-10-26 21:25:21
"820",2020-10-27 06:12:55
"821",2020-10-27 15:00:28
"822",2020-10-27 23:48:02
"823",2020-10-28 08:35:36
"824",2020-10-28 17:23:09
"825",2020-10-29 02:10:43
"826",2020-10-29 10:58:17
"827",2020-10-29 19:45:50
"828",2020-10-30 04:33:24
"829",2020-10-30 13:20:58
"830",2020-10-30 22:08:32
"831",2020-10-31 06:56:05
"832",2020-10-31 15:43:39
"833",2020-11-01 00:31:13
"834",2020-11-01 09:18:46
"835",2020-11-01 18:06:20
"836",2020-11-02 02:53:54
"837",2020-11-02 11:41:27
"838",2020-11-02 20:29:01
"839",2020-11-03 05:16:35
"840",2020-11-03 14:04:09
"841",2020-11-03 22:51:42
"842",2020-11-04 07:39:16
"843",2020-11-04 16:26:50
"844",2020-11-05 01:14:23
"845",2020-11-05 10:01:57
"846",2020-11-05 18:49:31
"847",2020-11-06 03:37:04
"848",2020-11-06 12:24:38
"849",2020-11-06 21:12:12
"850",2020-11-07 05:59:45
"851",2020-11-07 14:47:19
"852",2020-11-07 23:34:53
"853",2020-11-08 08:22:27
"854",2020-11-08 17:10:00
"855",2020-11-09 01:57:34
"856",2020-11-09 10:45:08
"857",2020-11-09 19:32:41
"858",2020-11-10 04:20:15
"859",2020-11-10 13:07:49
"860",2020-11-10 21:55:22
"861",2020-11-11 06:42:56
"862",2020-11-11 15:30:30
"863",2020-11-12 00:18:03
"864",2020-11-12 09:05:37
"865",2020-11-12 17:53:11
"866",2020-11-13 02:40:45
"867",2020-11-13 11:28:18
"868",2020-11-13 20:15:52
"869",2020-11-14 05:03:26
"870",2020-11-14 13:50:59
"871",2020-11-14 22:38:33
"872",2020-11-15 07:26:07
"873",2020-11-15 16:13:40
"874",2020-11-16 01:01:14
"875",2020-11-16 09:48:48
"876",2020-11-16 18:36:21
"877",2020-11-17 03:23:55
"878",2020-11-17 12:11:29
"879",2020-11-17 20:59:03
"880",2020-11-18 05:46:36
"881",2020-11-18 14:34:10
"882",2020-11-18 23:21:44
"883",2020-11-19 08:09:17
"884",2020-11-19 16:56:51
"885",2020-11-20 01:44:25
"886",2020-11-20 10:31:58
"887",2020-11-20 19:19:32
"888",2020-11-21 04:07:06
"889",2020-11-21 12:54:40
"890",2020-11-21 21:42:13
"891",2020-11-22 06:29:47
"892",2020-11-22 15:17:21
"893",2020-11-23 00:04:54
"894",2020-11-23 08:52:28
"895",2020-11-23 17:40:02
"896",2020-11-24 02:27:35
"897",2020-11-24 11:15:09
"898",2020-11-24 20:02:43
"899",2020-11-25 04:50:16
"900",2020-11-25 13:37:50
"901",2020-11-25 22:25:24
"902",2020-11-26 07:12:58
"903",2020-11-26 16:00:31
"904",2020-11-27 00:48:05
"905",2020-11-27 09:35:39
"906",2020-11-27 18:23:12
"907",2020-11-28 03:10:46
"908",2020-11-28 11:58:20
"909",2020-11-28 20:45:53
"910",2020-11-29 05:33:27
"911",2020-11-29 14:21:01
"912",2020-11-29 23:08:34
"913",2020-11-30 07:56:08
"914",2020-11-30 16:43:42
"915",2020-12-01 01:31:16
"916",2020-12-01 10:18:49
"917",2020-12-01 19:06:23
"918",2020-12-02 03:53:57
"919",2020-12-02 12:41:30
"920",2020-12-02 21:29:04
"921",2020-12-03 06:16:38
"922",2020-12-03 15:04:11
"923",2020-12-03 23:51:45
"924",2020-12-04 08:39:19
"925",2020-12-04 17:26:52
"926",2020-12-05 02:14:26
"927",2020-12-05 11:02:00
"928",2020-12-05 19:49:34
"929",2020-12-06 04:37:07
"930",2020-12-06 13:24:41
"931",2020-12-06 22:12:15
"932",2020-12-07 06:59:48
"933",2020-12-07 15:47:22
"934",2020-12-08 00:34:56
"935",2020-12-08 09:22:29
"936",2020-12-08 18:10:03
"937",2020-12-09 02:57:37
"938",2020-12-09 11:45:10
"939",2020-12-09 20:32:44
"940",2020-12-10 05:20:18
"941",2020-12-10 14:07:52
"942",2020-12-10 22:55:25
"943",2020-12-11 07:42:59
"944",2020-12-11 16:30:33
"945",2020-12-12 01:18:06
"946",2020-12-12 10:05:40
"947",2020-12-12 18:53:14
"948",2020-12-13 03:40:47
"949",2020-12-13 12:28:21
"950",2020-12-13 21:15:55
"951",2020-12-14 06:03:29
"952",2020-12-14 14:51:02
"953",2020-12-14 23:38:36
"954",2020-12-15 08:26:10
"955",2020-12-15 17:13:43
"956",2020-12-16 02:01:17
"957",2020-12-16 10:48:51
"958",2020-12-16 19:36:24
"959",2020-12-17 04:23:58
"960",2020-12-17 13:11:32
"961",2020-12-17 21:59:05
"962",2020-12-18 06:46:39
"963",2020-12-18 15:34:13
"964",2020-12-19 00:21:47
"965",2020-12-19 09:09:20
"966",2020-12-19 17:56:54
"967",2020-12-20 02:44:28
"968",2020-12-20 11:32:01
"969",2020-12-20 20:19:35
"970",2020-12-21 05:07:09
"971",2020-12-21 13:54:42
"972",2020-12-21 22:42:16
"973",2020-12-22 07:29:50
"974",2020-12-22 16:17:23
"975",2020-12-23 01:04:57
"976",2020-12-23 09:52:31
"977",2020-12-23 18:40:05
"978",2020-12-24 03:27:38
"979",2020-12-24 12:15:12
"980",2020-12-24 21:02:46
"981",2020-12-25 05:50:19
"982",2020-12-25 14:37:53
"983",2020-12-25 23:25:27
"984",2020-12-26 08:13:00
"985",2020-12-26 17:00:34
"986",2020-12-27 01:48:08
"987",2020-12-27 10:35:41
"988",2020-12-27 19:23:15
"989",2020-12-28 04:10:49
"990",2020-12-28 12:58:23
"991",2020-12-28 21:45:56
"992",2020-12-29 06:33:30
"993",2020-12-29 15:21:04
"994",2020-12-30 00:08:37
"995",2020-12-30 08:56:11
"996",2020-12-30 17:43:45
"997",2020-12-31 02:31:18
"998",2020-12-31 11:18:52
"999",2020-12-31 20:06:26
"1000",2021-01-01 04:54:00
